School Id,Tuition In State,Tuition Out of State
445188,13262,39944
446792,,
446808,,
446048,19128,19128
446668,,
447458,23899,23899
447272,13152,13152
117557,10575,10575
210492,19932,19932
441982,49986,49986
456348,18244,18244
459842,13390,13390
468015,,
449038,12975,12975
450298,12975,12975
453215,12975,12975
458885,12975,12975
458955,12975,12975
460738,,
461795,11900,11900
470092,,
139287,10460,10460
475608,8950,8950
475732,19230,19230
489788,14325,14325
484905,7848,20088
484622,,
485078,10662,10662
484668,9840,9840
484695,9840,9840
484738,,
485272,20350,20350
484765,9840,9840
488332,,
483018,35568,35568
486488,17400,17400
486938,19230,19230
486965,39600,39600
487375,19345,19345
212452,5870,5870
460075,9570,9570
481225,5018,5018
480912,,
481058,2840,2840
482228,5560,5560
482538,19948,19948
482565,19948,19948
482608,19948,19948
481438,11000,11000
482635,19948,19948
482398,,
482422,19948,19948
482158,3890,10919
482705,,
482468,19948,19948
475398,10175,10175
458982,17664,17664
459268,17330,17330
476692,9000,9000
480082,17330,17330
476975,,
480198,8280,8280
182917,22000,22000
449348,4415,4415
449658,9350,9350
452018,,
454582,,
445735,,
450085,17592,17592
449898,17330,17330
450535,13152,13152
451848,,
451398,12100,12100
454245,19230,19230
448822,,
199971,4075,4075
442222,13152,13152
442718,13755,13755
184694,40234,40234
444778,9680,9680
444398,6240,6240
445692,24750,24750
420325,6500,6500
100751,10470,26950
101587,8876,16162
105367,,
107044,18635,18635
110097,36696,36696
118541,35884,35884
117751,31970,31970
120184,33268,33268
120254,51070,51070
120537,30550,30550
137351,6410,17324
139861,9202,27550
139931,6273,16847
139311,5340,15596
138947,22396,22396
143084,39621,39621
142294,27425,27425
141574,11732,33764
140951,35690,35690
141167,16940,16940
141237,18510,18510
141981,7440,20400
142887,32220,32220
141264,6297,16891
141334,6143,16717
145497,16860,16860
146427,43285,43285
145637,15058,30680
146481,44116,44116
145691,31610,31610
146667,13020,13020
147767,50855,50855
148627,32250,32250
148654,11413,20938
149514,30130,30130
147244,31824,31824
148177,17484,17484
148487,28119,28119
148511,,
405058,9700,9700
100654,9366,17496
102377,20015,20015
100724,9220,16156
102614,5976,18184
100937,34448,34448
101541,17376,17376
102094,7548,14796
102234,35794,35794
102261,12600,12600
104717,17050,17050
104151,10370,26470
106704,8224,14447
109651,40596,40596
107877,17320,17320
107141,25324,25324
110617,6900,18060
110644,14046,40728
110671,13581,40263
110714,13539,40221
117104,14138,14138
106397,8820,23168
106467,6624,11880
107071,8340,15180
110361,31372,31372
110404,47577,47577
111081,45646,45646
112084,29550,29550
110547,6423,17583
110574,6564,17724
112394,19096,19096
117627,31590,31590
123457,25950,25950
122454,43090,43090
122597,6484,17644
125727,42900,42900
125897,37906,37906
126827,10540,10540
127714,11520,11520
127741,8888,20474
126614,11531,35079
129941,37060,37060
128391,9193,20497
130697,50912,50912
130794,49480,49480
129534,7750,7750
128744,31630,31630
128771,9741,22602
135364,6800,6800
137847,27740,27740
201645,46006,46006
203085,29200,29200
203368,38490,38490
203775,29422,29422
207722,7200,17550
206862,24468,24468
207342,,
207458,30726,30726
208488,29390,29390
207582,25676,25676
210775,32270,32270
209612,41054,41054
211608,11356,17452
211088,40920,40920
211158,10154,21246
209825,44104,44104
209922,52150,52150
213358,27000,27000
213385,49635,49635
213598,11102,16733
214148,38301,38301
214175,48310,48310
214698,13678,20558
213668,37162,37162
215105,41464,41464
214625,13616,20496
216278,43720,43720
215798,33426,33426
217402,46970,46970
217518,32100,32100
216852,42870,42870
217998,34560,34560
218645,10196,20102
217688,24140,24140
219198,25380,25380
218742,11190,22188
217882,14708,34590
219295,19090,19090
217925,21490,21490
220598,10280,10280
219718,15764,15764
220862,9125,20837
222938,17664,17664
222628,,
221768,9088,14848
223232,42006,42006
221838,7256,19976
221892,24624,24624
226152,7016,16946
225432,5978,15770
230038,5300,5300
231712,13054,24680
230995,37354,37354
232672,30635,30635
230782,5523,14749
230852,38660,38660
232885,,
230898,37002,37002
232265,24242,24242
234155,8472,19002
232982,9750,26730
173647,42840,42840
174127,36548,36548
178697,18930,18930
178721,12130,12130
179557,6990,12375
178411,9057,25173
179867,49770,49770
179894,26300,26300
180984,28480,28480
181534,7243,7243
181604,29954,29954
182111,17413,17413
182281,7183,21093
183974,32098,32098
183211,30000,30000
183804,,
186131,45320,45320
186201,13870,22870
187444,12574,20466
190114,18730,18730
190567,6689,13799
190664,6938,14048
190691,6748,13858
193247,6980,6980
191621,21300,21300
192271,25725,25725
194161,24850,24850
199184,9139,24609
199281,5816,16760
201548,33492,33492
200332,8327,19891
201858,16414,16414
201195,30776,30776
201885,11000,26334
203128,33040,33040
204468,28300,28300
204635,29820,29820
206048,23125,23125
206525,38090,38090
206622,36150,36150
206695,8317,8557
206835,25070,25070
207865,6690,13440
207388,8321,22443
208725,14230,14230
208822,33730,33730
209065,40175,40175
209108,20835,20835
211352,30588,30588
209542,10366,28846
210942,17916,17916
211468,36825,36825
212832,32480,32480
212115,9968,21110
214652,14072,21506
214272,28580,28580
215062,51464,51464
214768,14072,21506
215132,38850,38850
215275,13618,24640
215442,29030,29030
216542,20694,20694
216038,9862,13716
217165,40962,40962
215655,28250,28250
217235,30746,30746
141361,29012,29012
141644,23440,23440
143297,,
142461,28650,28650
144971,21120,21120
144281,25334,25334
144351,30630,30630
149231,11008,23536
148584,30840,30840
147341,35300,35300
151324,8746,19076
151111,9205,29791
150534,33966,33966
150604,30025,30025
150677,23120,23120
150774,28760,28760
150941,25400,25400
152381,28932,28932
151351,10388,34246
151777,30802,30802
153144,41000,41000
154101,29500,29500
152567,30960,30960
153834,40040,40040
153001,32210,32210
154721,26660,26660
157377,23350,23350
157401,8400,22680
159391,10814,27491
160074,12046,12046
160904,23046,23046
160977,50310,50310
161004,49900,49900
162584,8702,21226
161244,7530,19350
161341,7436,11066
161457,35630,35630
162007,7880,18416
162061,24272,24272
164447,33140,33140
165024,9603,15743
164614,12600,12600
166054,22490,22490
165644,30815,30815
167987,13188,27473
168254,34874,34874
167677,22650,22650
168281,49012,49012
166674,12200,32800
168421,46994,46994
168591,37310,37310
170091,14770,14770
170967,21662,21662
170301,31560,31560
171571,12064,24540
173124,8394,8394
171881,20342,20342
123554,44360,44360
121257,50430,50430
122931,47112,47112
123651,31430,31430
123961,52283,52283
121691,46570,46570
125231,12075,12075
130934,7532,16138
130314,36870,36870
129774,31780,31780
132471,28800,28800
134237,23116,23116
132657,36650,36650
133711,17500,17500
133881,40446,40446
133951,6556,18954
134097,6507,21673
134811,17700,17700
137564,24160,24160
137777,13250,13250
136774,43040,43040
138354,6360,19241
140234,28490,28490
139144,33556,33556
139764,5262,15518
140447,35130,35130
148131,27128,27128
149781,34050,34050
151801,25346,25346
153621,23516,29146
153241,12600,12600
154174,8919,8919
153861,27530,27530
153384,48758,48758
154004,29094,29094
154527,38380,38380
155414,28000,28000
155061,4884,14426
155511,26498,26498
155627,27096,27096
155681,6910,17662
157447,9384,18384
156541,23000,23000
157951,9912,24792
158477,35430,35430
157757,24388,24388
160621,9332,19332
159647,9117,25851
159717,7310,18385
163204,7176,12336
161554,7796,18508
161217,7448,17048
219082,8927,11843
218238,23900,23900
218335,,
219505,10074,10074
219602,7689,22929
220808,31700,31700
220075,8341,25573
220215,21500,21500
220978,8280,25416
222178,32070,32070
224545,6840,17886
225502,7369,19609
225575,14346,14346
225885,11720,11720
229115,8428,18220
228705,8049,21355
228778,10092,35682
228325,19560,19560
228802,7602,20082
232308,36835,36835
230728,7426,20492
231095,36495,36495
237215,6408,12876
237792,7170,17482
237312,29900,29900
237358,28842,28842
237385,7344,16560
236452,34356,34356
238458,30388,30388
239512,33432,33432
241395,5148,5148
243212,2083,4105
366748,13152,13152
368452,17800,17800
377555,10690,34728
380465,9840,9840
174747,42271,42271
174817,32575,32575
178624,7343,12513
178244,24924,24924
178767,14310,14310
178341,5523,10568
178387,7330,13070
180461,6887,23186
179964,23040,23040
182634,39450,39450
181297,13802,13802
180814,7365,7365
181394,7204,19124
183044,17624,31424
186371,14238,29381
186584,39258,39258
189097,50394,50394
186867,48838,48838
189264,7750,7750
188304,5906,13806
187134,15794,26971
187897,5550,8650
187967,6891,20041
190761,27438,27438
190044,46132,46132
191931,36584,36584
193654,45440,45440
195234,30692,30692
195474,34611,34611
197911,29052,29052
197221,47400,47400
196121,7928,17778
197601,11500,11500
197647,11800,11800
197674,8400,8400
197027,1167,1167
196237,7683,17533
197151,36500,36500
196264,6985,16835
196307,,
198464,6997,22955
198507,4889,17860
198561,29810,29810
199847,49308,49308
200572,7196,16016
204185,29120,29120
203535,51200,51200
203845,35330,35330
204015,5173,15031
225548,26630,26630
227368,7438,17230
227845,41178,41178
228875,42670,42670
228468,20276,20276
229018,5774,6958
228042,25750,25750
232025,33700,33700
233718,36425,36425
234492,17556,17556
233295,38730,38730
235422,19122,19122
234085,17492,41801
234915,16748,16748
236595,41265,41265
236328,46552,46552
236948,10753,34791
238032,7992,22488
239318,37980,37980
239628,39142,39142
240268,8812,16385
240338,27984,27984
240365,7544,15117
241128,5811,5811
243665,5235,14496
243115,2083,4105
241225,6220,6220
243142,3107,6139
242635,5082,5082
242662,5084,5084
242705,5082,5082
243568,10470,10470
247825,,
174251,12846,14846
174844,44180,44180
174437,22240,22240
174914,39594,39594
174491,29460,29460
174507,10396,10396
175421,23016,23016
176017,7744,22012
176664,10536,10536
177144,25415,25415
176044,6116,6116
177214,25905,25905
176947,23010,23010
177551,5220,9853
181464,8537,23058
183071,14495,28295
181127,28250,28250
183257,7425,8265
188641,27078,27078
191241,49073,49073
190594,6782,13892
190637,6812,13922
189857,6700,6700
193584,32649,32649
192624,11200,11200
192864,30290,30290
193061,8600,8600
195164,32331,32331
194657,12450,12450
195304,52550,52550
194091,35160,35160
194824,50797,50797
195544,25114,25114
196097,8999,26239
197197,43980,43980
197984,18500,18500
196167,8176,18026
196194,7961,17811
197744,11600,11600
196291,7834,17684
196431,9300,9300
198677,9170,9170
198747,11230,11230
199111,6977,23372
199607,27406,27406
199157,6132,18590
237932,7038,14394
237525,7154,16382
238078,28110,28110
237118,25350,25350
239105,38470,38470
240462,7484,15334
248882,13755,13755
245652,50878,50878
245838,,
245892,,
251312,17306,17306
409698,6379,17539
414878,10592,10592
384412,13884,13884
428268,13152,13152
440828,9123,27918
441478,,
439288,30746,30746
440758,13755,13755
440925,,
436438,13152,13152
363712,8400,8400
443058,6220,6220
443562,5475,5475
436818,12024,33816
155937,24250,24250
156417,7220,7220
155317,11455,28239
162654,43416,43416
164924,51296,51296
165671,37540,37540
163851,9364,17776
165167,14436,14436
165334,43150,43150
166027,47074,47074
166124,48940,48940
167321,,
166391,33600,33600
166984,,
167057,44755,44755
167251,33510,33510
170037,26860,26860
172334,26730,26730
173887,,
172644,12269,26220
172051,9345,21947
410502,18744,18744
420042,9840,9840
167394,33412,33412
166911,30800,30800
168227,33724,33724
171137,12032,24272
169327,17600,17600
172264,24856,24856
446640,23900,23900
450456,,
450483,9840,9840
450766,,
449870,11412,11412
450526,13152,13152
217749,15550,15550
482413,19948,19948
482680,4397,12752
482149,8282,22990
481720,17393,17393
482583,19948,19948
482653,19948,19948
482440,19948,19948
482459,19948,19948
481410,10200,10200
482486,19948,19948
482556,19948,19948
448840,5821,16735
454689,3410,3410
454829,4200,4200
454856,,
455770,28014,28014
456959,13232,13232
456010,,
457129,19230,19230
456490,11085,11085
447689,5558,16062
444130,,
458469,6495,6495
458210,33675,33675
458229,33675,33675
459259,17331,17331
458919,12975,12975
453163,12975,12975
452090,13152,13152
450979,9000,9000
451820,17664,17664
451060,13968,13968
454236,19230,19230
444413,9200,9200
445300,9840,9840
445319,,
441690,4120,4120
262129,6916,29944
441973,18744,18744
104586,33826,33826
430810,25780,25780
440420,,
440466,,
441609,11750,11750
123280,12060,12060
446729,,
446233,15140,15140
442569,6540,6540
461643,,
466189,13755,13755
466930,19230,19230
238573,,
475200,,
475273,,
474863,15228,15228
457226,9150,9150
458496,17592,17592
458973,12975,12975
460349,14823,14823
460783,11901,11901
461236,5125,5125
468723,6495,6495
479956,13678,13678
147369,12630,12630
483780,13820,13820
484473,3876,16580
484613,9690,9690
484640,9840,9840
484686,,
484710,9840,9840
484729,9840,9840
484756,9749,9749
485546,8385,8385
486840,6060,16636
487296,,
487603,12075,12075
483036,,
487746,8750,8750
488350,7700,7700
488679,9791,9791
489353,19230,19230
489779,14325,14325
460376,9608,10328
181543,5974,5974
459949,6562,15982
485999,9200,9200
486026,9750,9750
486196,8100,8100
486956,19230,19230
487010,,
484783,9840,9840
480073,17358,17358
477039,25935,25935
480569,,
449339,6880,6880
450049,,
450933,5175,5175
451796,14928,14928
451370,10400,10400
448309,9680,9680
448886,10370,26470
449010,17592,17592
149763,,
447050,11880,12980
401223,5620,5620
448239,,
447953,10144,10144
442639,13884,13884
442949,,
435000,,
443410,29000,29000
445133,14553,14553
444990,,
443049,7840,7840
443340,12075,12075
441900,5001,16114
443766,12975,12975
110060,7370,7370
439613,12400,12400
367839,8706,8706
439446,,
440749,6075,6075
436836,12034,33826
431983,9500,9500
388520,6946,6946
128780,7671,10029
217606,11510,11510
437316,,
438586,15590,15590
430670,9166,15016
432533,,
428259,,
100663,8040,18368
101709,12040,24310
101879,8114,14450
101453,9792,9792
102669,20310,20310
101480,7500,14700
102049,29402,29402
101073,10320,10320
110316,,
110370,45466,45466
110413,39793,39793
107983,8196,11856
110486,6857,18017
110529,7067,18227
112260,50945,50945
110583,6460,17620
112446,20725,20725
110653,13360,40042
110680,13645,40327
116846,30338,30338
117113,18744,18744
115083,15205,15205
115409,52666,52666
118693,39950,39950
122296,,
123633,,
121309,33500,33500
122409,7084,18244
122436,46140,46140
434973,,
413413,13998,13998
159373,,
160029,,
159009,7371,16394
159656,38754,38754
159939,8484,22301
159966,7641,18572
159416,7146,20300
160630,6421,15322
159993,8284,20384
160409,16913,16913
155636,,
433660,6118,25162
432223,9840,9840
436483,14223,14223
121983,13152,13152
241720,2370,2370
428286,17485,17485
101693,21400,21400
100690,7180,7180
100706,9842,20612
102553,5784,17990
100830,9640,20710
101116,17306,17306
102270,10418,10418
101189,20130,20130
105589,28943,28943
105899,23896,23896
106713,15000,15000
106810,12500,12500
107600,12714,12714
107080,42440,42440
127060,46422,46422
126669,29360,29360
128106,9519,24101
130110,15450,15450
130776,10017,22878
130183,16510,16510
130226,43940,43940
130253,38300,38300
133650,5785,17725
131159,44853,44853
131283,42536,42536
131399,5612,11756
131450,16078,16078
131469,51950,51950
131496,50547,50547
131520,24908,24908
133979,15536,15536
134130,6381,28659
137546,43240,43240
136950,46520,46520
135610,12310,12310
137953,11040,11040
146339,28730,28730
144740,37626,37626
144050,53649,53649
146533,,
149639,27180,27180
147679,27210,27210
148496,31570,31570
150136,9654,25428
150163,38360,38360
151290,26370,26370
151306,7605,17847
150400,46448,46448
152080,49685,49685
152099,23400,23400
151263,27420,27420
152266,7478,16896
152363,30080,30080
151333,7073,18683
151360,7073,18683
151379,7073,18683
151786,31500,31500
153126,30900,30900
153603,8219,21583
153366,27010,27010
154493,28890,28890
155399,9874,24775
156189,11550,11550
154749,26920,26920
157076,24050,24050
110510,6610,17770
110556,6313,17473
112570,21105,21105
114813,29320,29320
115773,14004,14004
117140,39900,39900
117636,,
122506,43410,43410
125763,44774,44774
126580,8042,18770
129020,14066,35858
130493,10054,22915
130590,52760,52760
139719,5594,5594
139153,9510,9510
139199,27152,27152
138600,38472,38472
140553,26742,26742
139366,6031,16605
139579,17016,17016
139630,19330,19330
139959,11634,29844
142276,6956,21023
140960,5644,15900
141060,27314,27314
146719,42032,42032
147703,14204,23670
147129,20710,20710
148849,35500,35500
194569,16400,16400
193973,30950,30950
197993,18513,18513
198066,27790,27790
196680,,
196176,7754,17604
197610,8100,8100
196866,51696,51696
198136,30050,30050
196200,7964,17814
196219,8298,18148
197133,53090,53090
197869,7136,21652
196413,45022,45022
196440,5300,5300
198899,30534,30534
199759,10500,10500
199193,8880,26399
199209,29150,29150
199306,28995,28995
198613,34090,34090
200280,8136,19290
199999,5804,15915
200059,6348,8918
202073,49106,49106
202903,7040,7040
204176,12673,12673
204006,5173,15031
204909,44090,44090
204936,31874,31874
204699,7140,25332
206589,46860,46860
207856,13080,13080
207403,25310,25310
208239,17412,17412
208646,8004,18645
209056,46894,46894
210146,8523,23170
209506,9625,27326
209533,32130,32130
210906,,
211440,52310,52310
209603,34500,34500
210960,17628,17628
212656,25680,25680
213543,48320,48320
163976,50353,50353
164076,9408,21076
165866,9340,15420
164720,37272,37272
165936,36060,36060
165529,37835,37835
167899,35475,35475
166850,38825,38825
166869,,
167996,39900,39900
166939,45866,45866
166513,14307,30875
166629,14971,32204
168263,9275,15355
167093,,
168430,9202,15282
168546,41040,41040
170806,19500,19500
168740,27684,27684
170976,14402,45410
171100,14062,37890
170639,11019,11019
169983,39790,39790
169479,16726,16726
170000,12644,12644
171456,9766,15262
172440,22758,22758
172699,11493,26851
173920,7858,15602
174020,7566,14394
174066,14142,23806
174233,13139,17485
174783,7910,15828
174899,35326,35326
177083,20706,20706
177816,20750,20750
177940,7042,13432
177339,22081,22081
178059,27958,27958
176336,4790,4790
176406,10600,10600
176479,11700,11700
178679,12140,12140
178420,9394,24525
179159,40726,40726
180416,6561,19984
179256,11240,11240
179946,24540,24540
180489,6238,23764
182670,51438,51438
181783,6462,11262
160959,43542,43542
163046,46430,46430
162210,23400,23400
161086,50960,50960
161299,13078,26158
162760,36540,36540
164739,45760,45760
164216,43842,43842
164270,40580,40580
167729,9736,16148
168290,34825,34825
166656,31560,31560
167783,38590,38590
166683,48452,48452
167260,33400,33400
169716,39882,39882
171146,10344,20190
169910,11290,18048
169363,27710,27710
171599,25560,25560
173160,35160,35160
172033,18746,18746
173300,36878,36878
175616,6418,6418
175856,7261,17614
175430,11212,11212
175980,37110,37110
176080,7780,20900
177986,,
181376,16200,16200
181400,15352,15352
183080,13472,21732
184603,37988,37988
183239,39036,39036
185129,11430,20458
183789,24050,24050
186186,11100,11100
186380,14372,30023
186399,13829,29480
188030,6094,19652
189459,,
190983,41900,41900
190600,6810,13920
190646,6756,13866
190716,25210,25210
192703,40004,40004
104179,11769,34967
105330,10764,24144
106263,,
119173,37722,37722
120403,44020,44020
117946,44480,44480
120883,44588,44588
121150,50022,50022
127556,7835,18996
126076,13900,13900
127653,31170,31170
127680,13755,13755
130943,12830,32250
130989,23400,23400
131113,10670,10670
133669,4831,17276
132879,14270,14270
132903,6368,22467
131803,12975,12975
131876,23250,23250
134079,33150,33150
134510,6320,6320
133526,13525,13525
133553,33886,33886
136330,28520,28520
135726,47004,47004
137476,28800,28800
138293,25358,25358
140340,13830,13830
139940,8974,23542
215053,23800,23800
214670,14134,21568
214166,21850,21850
214713,14828,22834
214829,14134,21568
217013,24430,24430
217040,8950,8950
217156,51366,51366
215770,43020,43020
216339,16274,27266
217420,8206,19867
217536,37820,37820
218973,40245,40245
218733,10420,20500
217873,16158,16158
218070,47164,47164
218229,11200,20800
218399,13045,13045
220473,13950,13950
219949,21210,21210
224226,26180,26180
224323,37230,37230
224776,17664,17664
226833,8620,10570
225399,30800,30800
229780,15060,15060
229160,26050,26050
228653,,
229300,,
228246,50358,50358
228769,9616,22920
228343,39060,39060
231059,41975,41975
210669,44250,44250
209409,27930,27930
210739,34850,34850
209490,,
211556,35475,35475
211273,48790,48790
213303,25798,25798
212993,19650,19650
212106,35062,35062
213020,11368,22377
212133,31140,31140
212160,9984,10640
214069,30740,30740
213826,33000,33000
214786,13666,20546
219356,8172,11403
219639,11204,11204
219709,31390,31390
219790,24450,24450
219806,26360,26360
219833,30860,30860
221519,42400,42400
220206,17920,17920
221740,8544,24662
221759,12724,31144
227526,10059,23378
228459,9605,21029
227863,31520,31520
228529,7140,16728
231086,23975,23975
232609,36620,36620
232706,29780,29780
230816,50100,50100
232186,11300,32582
230889,15786,15786
230913,11290,23746
232256,42962,42962
239743,26340,26340
238333,47060,47060
238430,28212,28212
238476,40265,40265
233426,41429,41429
233356,,
236133,29200,29200
236896,26982,26982
236939,11041,25673
237066,40562,40562
237136,14000,14000
239309,35020,35020
239716,35381,35381
243586,5148,5148
241216,7425,7425
243133,2083,4105
243179,2083,4104
241386,5182,5182
242653,7302,7302
242680,5102,5102
243346,5820,5820
241739,5820,5820
241766,3370,3370
243443,6000,6000
377546,19075,19075
382063,,
398130,15688,15688
385619,16400,16400
402776,22613,22613
407009,9886,25181
181330,30430,30430
182980,35952,35952
183026,31136,31136
181446,31394,31394
181020,30434,30434
181093,21928,21928
181853,17700,17700
182290,7142,21052
183910,32650,32650
185590,12116,20007
184773,31618,31618
186283,39820,39820
188146,32346,32346
186876,13077,19861
189273,8850,8850
186900,13000,13000
187046,6350,9352
188429,35740,35740
188526,31981,31981
189413,10625,10625
190099,51955,51955
190150,55056,55056
190576,,
191630,51559,51559
191649,42160,42160
193353,29048,29048
192323,33030,33030
193399,35130,35130
192563,,
192749,36920,36920
192819,35210,35210
193016,18392,18392
193070,10750,10750
193900,49062,49062
219976,29756,29756
219383,27160,27160
220613,15770,15770
220710,33524,33524
222983,37315,37315
221953,23125,23125
221999,45610,45610
227216,10153,19945
226383,21166,21166
227429,8318,8318
229063,9000,21240
228149,28200,28200
229179,7238,17030
228723,11036,31214
228796,7548,20523
230940,40030,40030
230959,50063,50063
232423,10390,26164
230603,6530,19810
232566,12240,27138
232043,34200,34200
231420,31980,31980
232089,31915,31915
238616,27900,27900
238980,26560,26560
240189,7650,16223
240329,9091,17612
241100,5811,5811
243106,2022,4070
243780,10002,28804
243823,15276,15276
242626,5654,5654
243203,,
145460,,
146393,19828,19828
145600,13664,26520
145619,32170,32170
144883,20820,20820
145646,44142,44142
145770,13440,13440
145813,14061,25168
145336,10516,18676
146010,,
148593,,
149329,13500,13500
147776,10138,18514
147013,28740,28740
147536,10380,10380
150066,28650,28650
147590,,
147660,36654,36654
151810,12536,12536
155089,26865,26865
156356,21100,21100
155900,27250,27250
157863,25135,25135
156620,8868,18180
157100,18560,18560
157216,23762,23762
157289,11264,26286
195173,25300,25300
195809,39460,39460
194666,7750,7750
195243,29600,29600
194736,8800,8800
194763,10300,10300
194310,42772,42772
196060,9223,24303
196079,9271,24351
196103,8103,17953
197230,38530,38530
196583,10750,10750
196130,7701,17551
196149,8106,17956
196246,7866,17716
198303,23930,23930
199069,19000,19000
200253,6568,6568
201690,6246,8096
202046,39585,39585
205443,7365,14145
206349,29940,29940
204796,10037,28229
206613,5842,14462
207689,21300,21300
207263,6207,13707
207306,6690,13538
207500,10881,25203
207209,5734,13073
211583,34140,34140
210429,9285,23445
211893,2525,2525
212009,51205,51205
213349,9618,20710
213400,21500,21500
214643,13540,20420
213613,10229,19321
214689,14828,22834
213783,11908,21292
215099,37950,37950
213996,33180,33180
214810,14072,21506
215266,13608,24630
214883,14472,14472
215293,18618,29758
217059,18780,18780
216010,11452,19542
215743,33344,33344
216366,,
215929,42162,42162
217493,47110,47110
218539,37142,37142
219000,30944,30944
217633,25880,25880
219046,8004,10920
218663,11454,30882
217776,24110,24110
217819,11805,29963
219259,7887,10800
218919,12630,12630
220516,27276,27276
161509,32922,32922
162283,7438,13168
163259,,
161563,25150,25150
163286,10181,32045
161226,8695,17215
161253,10628,29498
163453,7636,17504
161873,8596,20242
165699,31312,31312
164580,48288,48288
165820,10135,16215
164173,33168,33168
168786,30062,30062
169080,31730,31730
177719,,
177746,36450,36450
176770,11170,11170
176789,11700,11700
176053,16740,16740
176910,13700,13700
179326,22508,22508
180106,33192,33192
179450,,
178369,19750,19750
180179,5826,18216
178989,,
178396,9518,25892
179043,35670,35670
179566,7060,14110
190549,6838,13948
191533,42860,42860
192040,52660,52660
192110,41310,41310
191676,30336,30336
192439,36256,36256
195720,31880,31880
195216,51200,51200
194693,12450,12450
194189,10500,10500
195526,50834,50834
196033,7929,17779
195003,38568,38568
195030,50142,50142
198419,51265,51265
198756,18236,18236
199120,8834,33916
199139,6763,19934
199643,16580,16580
198950,34907,34907
198969,31980,31980
198516,33104,33104
198543,5085,16693
200800,10270,18801
200226,6254,9073
200156,20480,20480
202763,32402,32402
202806,11881,11881
202170,32880,32880
204200,28300,28300
203580,29960,29960
202480,40940,40940
202523,48960,48960
206279,12416,12416
206330,22452,22452
234173,35610,35610
235316,39730,39730
234030,13130,32287
234076,16412,45756
237330,7238,15722
237899,6996,15572
236230,39450,39450
237950,6648,16728
237969,29752,29752
237640,20460,20460
240426,8088,15661
239080,28280,28280
238193,26932,26932
240453,9493,19851
240480,8159,16426
239390,28380,28380
241410,5250,5250
242699,5764,5764
367936,13144,13144
392840,23700,23700
138716,5490,15738
140696,35280,35280
140720,14224,14224
138789,5360,15616
138813,17592,17592
139393,32230,32230
139463,3503,10110
141486,23310,23310
142090,11750,11750
150756,35514,35514
152336,28310,28310
152390,38880,38880
152530,31472,31472
152600,37450,37450
153250,29130,29130
153269,35206,35206
152673,41050,41050
153320,16766,16766
154350,35876,35876
153409,15352,15352
154013,29696,29696
155973,26590,26590
154590,24510,24510
155496,14986,14986
155070,15990,15990
155520,28150,28150
156213,28630,28630
156286,39750,39750
157386,8496,12744
157809,29450,29450
247773,6800,6800
245883,,
245953,17132,17132
260813,19286,19286
262086,12300,12300
363916,5182,5182
375230,8000,8000
414823,30746,30746
420866,13152,13152
109785,36120,36120
108232,21252,21252
107558,23750,23750
110422,9075,20235
110495,6728,17888
112075,32780,32780
111188,6808,17968
110538,7040,18200
110565,6560,17720
110592,6383,17543
113698,43400,43400
110635,13509,40191
110662,12920,39602
110705,14073,40755
110778,,
115755,7209,18369
117168,28950,28950
117928,18744,18744
122728,28700,28700
122755,7418,18578
123572,7388,18548
121345,49352,49352
126702,17628,17628
127565,6930,20096
126818,11052,28346
126182,9153,20169
126562,9228,24924
126678,50892,50892
129215,10500,23361
131098,25646,25646
132602,14410,14410
132842,12384,12384
132408,10800,10800
134945,33930,33930
136172,6394,20798
136215,28736,28736
137032,21440,21440
137272,21100,21100
138868,19200,19200
140818,23112,23112
143118,22830,22830
140872,21644,21644
142285,7232,22040
142328,6120,17620
143288,21162,21162
140988,21730,21730
142522,3920,3920
433004,21058,21058
432241,,
144962,35500,35500
145725,45214,45214
146612,30050,30050
145372,25720,25720
148575,,
146825,25110,25110
149505,27675,27675
147828,33940,33940
154518,21260,21260
156082,7754,17386
157535,19600,19600
156745,35650,35650
160612,7773,20251
159568,15978,15978
160065,11632,11632
161235,7575,11205
163462,39000,39000
163532,11400,11400
162928,50410,50410
163578,35019,35019
165662,42908,42908
164632,32739,32739
167358,47653,47653
166452,25875,25875
167455,28780,28780
166948,33820,33820
168342,51790,51790
167835,47904,47904
167288,9875,18820
168528,34890,34890
170082,11520,16392
170842,22064,22064
171128,14634,30968
169798,11209,27702
170675,31140,31140
175272,9075,14772
175342,6546,6546
174525,16980,16980
177968,16332,16332
176965,7322,13767
177418,24610,24610
176318,9500,9500
177542,21810,21810
176372,7659,16529
178208,6925,6925
179548,29754,29754
180692,4893,16497
180832,15780,15780
181428,,
181002,37606,37606
182458,31150,31150
184612,32990,32990
104188,23069,23069
106245,8061,19499
133872,13480,13480
133465,17306,17306
133492,41538,41538
137148,13152,13152
137962,15690,15690
138275,20712,20712
139658,47954,47954
140252,11220,11220
139755,12212,32404
139205,16960,16960
141565,7650,20610
143358,32120,32120
141185,21414,21414
143048,45750,45750
141325,21750,21750
142115,7080,21530
145558,,
144005,10252,17212
144892,11580,13740
147165,16230,16230
148335,25800,25800
154095,8309,18851
153162,39900,39900
153658,8575,28813
154235,29150,29150
152798,17769,17769
153375,25474,25474
155812,26650,26650
157058,7754,18056
157085,11484,26334
149772,12655,16926
149028,24314,24314
149222,13481,27130
148405,29180,29180
150145,27390,27390
150172,17570,17570
151102,8213,19727
150455,45300,45300
150668,33200,33200
152248,7478,16896
152318,46210,46210
151342,7073,18683
151388,7073,18683
153108,34612,34612
153278,28700,28700
153825,31525,31525
152992,28788,28788
154022,11032,11032
155025,6179,19392
154688,28030,28030
156125,7895,16634
154712,27480,27480
156295,25470,25470
154855,16850,16850
156365,24596,24596
156408,39300,39300
155335,27556,27556
157818,35830,35830
159382,6668,13934
158802,17064,17064
160658,9450,23178
160038,7620,18408
160755,51010,51010
161518,33600,33600
163268,11264,24492
161572,27570,27570
163295,45400,45400
163338,7804,17188
164465,52476,52476
164988,50240,50240
164492,36110,36110
165015,51245,51245
164562,36260,36260
164748,41398,41398
166018,50238,50238
164872,20666,20666
168005,35578,35578
173665,39181,39181
173328,21250,21250
173452,13980,13980
106342,26290,26290
118888,45635,45635
119605,13016,13016
120698,,
119775,26463,26463
120768,,
120865,28629,28629
123952,42900,42900
123165,50982,50982
124292,24500,24500
122612,44494,44494
126775,17842,36172
127185,8104,17816
127918,34450,34450
127945,17170,17170
129242,46000,46000
128498,30526,30526
129525,37790,37790
128902,50940,50940
102058,6730,6730
434937,9700,9700
451671,5587,16501
455664,13050,13050
456481,11940,11940
164438,11240,11240
460871,19230,19230
466921,19230,19230
462354,24900,24900
468024,17434,17434
475121,13420,13420
475741,19230,19230
476601,12400,12400
480134,,
481401,5280,5280
482477,19948,19948
483124,8234,15325
482547,19948,19948
482361,13755,13755
482431,19948,19948
486284,13000,13000
486017,7050,7050
486901,31450,31450
486947,19230,19230
487524,17035,17035
488004,11000,11000
488031,,
488314,9350,9350
155308,7350,7350
476717,9140,9140
437097,9450,9450
451404,7600,7600
454227,19230,19230
452027,17124,17124
454184,34320,34320
450094,18744,18744
450544,13152,13152
449931,10325,10325
449764,19500,19500
455257,8400,8400
480064,11601,11601
483984,14780,14780
484631,9802,9802
484677,9840,9840
484701,,
484747,,
482574,19948,19948
482617,19948,19948
484871,9000,9000
489937,9650,9650
489104,,
489344,19230,19230
190752,11750,11750
456621,12975,12975
459727,14600,14600
457484,10460,10460
457697,7000,7000
458964,12975,12975
459824,,
459851,13390,13390
450377,12975,12975
459994,12975,12975
444927,,
445267,5400,5400
445391,,
443544,,
443784,12975,12975
443331,33675,33675
399911,31042,31042
445027,10966,10966
446394,4488,4488
448284,10665,10665
448734,13152,13152
448761,16968,16968
448567,,
384254,36172,36172
446604,10500,10500
441937,6547,17707
206154,9100,9100
163912,14192,29340
165802,29640,29640
168148,52430,52430
168218,48802,48802
167598,39040,39040
166638,13435,32023
166692,8004,24600
170532,44857,44857
169248,12150,23670
169442,40840,40840
171492,25130,25130
173045,36415,36415
174075,11700,11700
175005,36820,36820
174792,41732,41732
174862,24700,24700
177065,20936,20936
176628,27312,27312
176035,6065,16634
180258,23534,23534
178615,7456,13940
181738,22538,22538
180522,5371,17681
180595,26666,26666
182795,34050,34050
180878,14636,14636
180948,6510,6540
183062,13613,21997
185572,35364,35364
184782,13108,21378
183275,20400,20400
185828,16430,31034
186432,35192,35192
186618,32282,32282
188182,15456,15456
189228,24050,24050
187648,5618,11393
187745,4700,4700
187985,7340,21929
190512,6810,13920
190248,30530,30530
192165,9600,9600
192925,27276,27276
193052,11310,11310
195438,9460,9460
194392,27103,27103
195128,28805,28805
196088,9574,26814
196112,7777,17627
196592,16880,16880
196158,8089,17939
196185,7932,17782
197018,13620,13620
197692,15110,15110
197708,40670,40670
198215,29333,29333
196255,,
198695,33405,33405
199032,24940,24940
198385,48376,48376
430704,,
430184,12975,12975
101675,11604,11604
102368,8260,15484
102395,,
101435,25800,25800
101912,16750,16750
100812,,
100858,10696,28840
102298,12340,12340
106412,6898,12988
106458,8200,14260
106102,6000,6000
108092,5390,12038
107512,24940,24940
111948,48710,48710
113582,20410,20410
110608,6587,17747
116712,,
115728,37074,37074
119058,,
117575,14245,14245
433387,6070,6070
438151,16968,16968
439057,,
439701,13650,13650
233611,14900,14900
440341,17592,17592
439297,,
440411,,
426314,8760,8760
441511,5100,5100
440794,20400,20400
442897,,
440457,,
442161,9840,9840
436614,10500,10500
436094,13152,13152
436827,12024,33816
120838,16005,16005
146755,27096,27096
384421,11900,11900
216311,8600,8600
228884,10008,10008
260947,11000,11000
405854,12100,12100
222831,7047,16839
222877,11500,11500
221661,21150,21150
221731,23000,23000
224004,29260,29260
224147,8424,18257
224527,24700,24700
229027,7700,18297
228644,,
230047,5240,5240
229267,39560,39560
229337,,
230931,11290,22978
231837,25150,25150
231077,22650,22650
230737,5530,15690
231174,17300,40364
230764,8518,27039
231581,32590,32590
231624,21234,42274
235024,38820,38820
234164,17034,17034
233541,31322,31322
235097,6951,23343
234207,48267,48267
243151,2083,4104
241377,5182,5182
243197,2083,4105
241614,3968,3968
243577,8328,8328
377564,10831,34869
420574,9886,25181
419457,13152,13152
428444,17412,17412
223117,5800,5800
224244,17454,17454
221847,8203,24067
221971,30330,30330
224554,7750,19990
225511,9519,21711
226471,26550,26550
227331,27160,27160
227881,7762,17554
228501,6419,16211
229887,12064,12064
228787,11192,28808
231651,16438,16438
232557,21292,21292
232681,11630,26220
230807,32404,32404
231554,24380,24380
230834,11314,26722
232937,8738,20340
233684,12975,12975
235167,7414,23887
233277,10081,22162
233897,9539,26239
233301,36770,36770
233921,12852,29975
236577,38940,38940
237367,6950,14666
238324,20500,20500
240471,7981,15554
238661,27530,27530
240727,5055,16215
240754,5578,12634
243601,5820,5820
241191,6850,6850
243744,47940,47940
242617,4962,4962
242644,5764,5764
243221,2078,4630
245731,,
173142,25890,25890
172608,,
173258,50874,50874
173902,50639,50639
175078,8347,8347
174358,8114,15250
177038,14840,14840
178402,7846,18886
179955,32930,32930
181215,6844,12268
184348,48052,48052
183822,28600,28600
185262,11870,18637
189088,51384,51384
190558,6890,14000
199412,32560,32560
199582,17890,17890
198835,33730,33730
199148,6971,21833
198598,28000,28000
199218,6951,20920
199272,27080,27080
200217,17445,17445
199865,33970,33970
201654,28110,28110
201061,29752,29752
211981,36750,36750
212911,51259,51259
212984,29750,29750
215947,33520,33520
218964,14810,28390
217624,13140,13140
218654,10166,20630
217721,19566,19566
219471,8457,11688
221254,28176,28176
205124,10500,10500
206084,9547,18885
206604,8730,17098
206817,14850,14850
206914,5970,15210
206941,6699,16460
207041,6279,15399
207157,13040,13040
207661,6540,14460
209241,20784,20784
209287,23680,23680
209551,10761,33441
211477,17646,17646
209807,8337,24852
211644,10287,14764
210401,47217,47217
210571,41544,41544
212674,50860,50860
213251,42170,42170
212197,43490,43490
214157,40287,40287
214704,14828,22834
214591,14828,22834
214777,17900,32382
214801,14172,21742
214634,13296,20042
215284,13624,24646
216524,49370,49370
216764,9720,20812
216357,29740,29740
201104,20392,20392
199962,29170,29170
200484,15912,15912
202134,9768,13819
204194,26950,26950
202514,31680,31680
203757,20620,20620
204501,52002,52002
204617,31080,31080
205027,22092,22092
205957,25680,25680
206437,28720,28720
206491,13250,13250
206507,25000,25000
204857,11744,21208
207847,6450,15720
207324,20840,20840
207351,7294,8233
207971,41509,41509
211291,51960,51960
211361,10339,14673
211431,27764,27764
211024,22510,22510
210304,23370,23370
210331,30640,30640
212771,19772,19772
213321,34720,34720
213367,41100,41100
217961,17000,17000
219091,26050,26050
218724,10876,25120
217864,11734,32812
217907,27624,27624
218061,10428,20308
218414,25600,25600
218441,17594,17594
219347,11160,15320
191205,19380,19380
190372,43850,43850
189705,35424,35424
190415,50953,50953
189848,32674,32674
190655,6669,13779
190725,26940,26940
191515,51240,51240
193292,29100,29100
192192,29451,29451
192448,36256,36256
193645,34960,34960
191968,41776,41776
192712,44600,44600
194578,48154,48154
194958,29540,29540
196042,7860,17710
197045,19996,19996
197735,9300,9300
199458,13600,13600
199102,6372,19132
198808,25648,25648
198862,17764,17764
199698,25874,25874
200004,6737,17130
201371,30762,30762
200624,23341,23341
201441,11057,18593
201964,19540,19540
204024,14736,32555
203517,10012,18376
203544,11808,11808
204264,26928,26928
225414,6502,18550
226231,28480,28480
225627,28898,28898
226587,26275,26275
225247,25830,25830
226091,8146,17938
227757,43918,43918
228431,7716,17508
228981,28910,28910
229814,7699,8945
233374,49420,49420
235547,,
234827,7719,21522
237181,27696,27696
237011,7903,21847
237057,47862,47862
239071,14260,14260
240444,10488,32738
240107,26150,26150
239017,44844,44844
240277,7878,15451
240374,7367,15356
240417,9395,17141
241951,3462,5622
241331,7221,7221
245777,8600,8600
245847,,
260901,14325,14325
363907,5182,5182
363934,21064,21064
366711,7383,18543
367884,13700,13700
367194,27940,27940
405997,9840,9840
416801,,
212054,51030,51030
213011,35210,35210
212577,52290,52290
212601,30042,30042
213507,40550,40550
214731,14134,21568
213987,34580,34580
215114,25246,25246
214041,11494,20854
216597,49280,49280
